Workbook
Name DataChannelCountSetting: Settings!$C$8
Name DataDelaySetting: Settings!$C$4
Name DataOrientationSetting: Settings!$C$10
Name DataRowCountSetting: Settings!$C$6
Name Manifest_DataInterval: Manifest!$J$7
Name Manifest_Generated: Manifest!$L$5
Name Manifest_Id: Manifest!$J$5:$K$5

Sheet Sheet1

Sheet Data In
A1: Data In (From Built-in Sensors)
A2: Data coming from the current data source will appear below as it is received.
A3: Current Data
A4: TIME | B4: ACC_X | C4: ACC_Y | D4: ACC_Z
A5: 45909.085 | B5: 0.046066999 | C5: -0.96901101 | D5: -0.183256
A6: Historical Data
A7: TIME | B7: ACC_X | C7: ACC_Y | D7: ACC_Z
A8: 45909.085 | B8: 0.046066999 | C8: -0.97291797 | D8: -0.19497401
A9: 45909.085 | B9: 0.046066999 | C9: -0.96901101 | D9: -0.183256
A10: 45909.085 | B10: 0.046066999 | C10: -0.97291797 | D10: -0.17934901
A11: 45909.085 | B11: 0.046066999 | C11: -0.97291797 | D11: -0.187162
A12: 45909.085 | B12: 0.046066999 | C12: -0.97291797 | D12: -0.19497401
A13: 45909.085 | B13: 0.046066999 | C13: -0.97291797 | D13: -0.183256
A14: 45909.085 | B14: 0.046066999 | C14: -0.97291797 | D14: -0.17934901
A15: 45909.085 | B15: 0.046066999 | C15: -0.97291797 | D15: -0.187162
A16: 45909.085 | B16: 0.046066999 | C16: -0.96901101 | D16: -0.19497401
A17: 45909.085 | B17: 0.046066999 | C17: -0.97291797 | D17: -0.183256
A18: 45909.085 | B18: 0.046066999 | C18: -0.96901101 | D18: -0.183256
A19: 45909.085 | B19: 0.046066999 | C19: -0.97291797 | D19: -0.187162
... A22: 45909.085 | B22: 0.046066999 | C22: -0.97291797 | D22: -0.183256

Sheet Sheet6
A1: TIME | B1: ACC_X | C1: ACC_Y | D1: ACC_Z | E1: Computed Roll | F1: Computed Pitch | G1: Computed Yaw
A2: ='Data In'!A8 -> 45909.085 | B2: ='Data In'!B8 -> 0.046066999 | C2: ='Data In'!C8 -> -0.97291797 | D2: ='Data In'!D8 -> -0.19497401 | E2: =ATAN2(Table3[[#This Row],[ACC_Y]],Table3[[#This Row],[ACC_Z]]) -> -2.9438113 | F2: =ATAN2(-Table3[[#This Row],[ACC_X]],SQRT(Table3[[#This Row],[ACC_Y]]^2+Table3[[#This Row],[ACC_Z]]^2)) -> 1.6171893 | G2: =ATAN2(Table3[[#This Row],[ACC_X]],Table3[[#This Row],[ACC_Y]]) -> -1.5234823
A3: ='Data In'!A9 -> 45909.085 | B3: ='Data In'!B9 -> 0.046066999 | C3: ='Data In'!C9 -> -0.96901101 | D3: ='Data In'!D9 -> -0.183256 | E3: =ATAN2(Table3[[#This Row],[ACC_Y]],Table3[[#This Row],[ACC_Z]]) -> -2.9546835 | F3: =ATAN2(-Table3[[#This Row],[ACC_X]],SQRT(Table3[[#This Row],[ACC_Y]]^2+Table3[[#This Row],[ACC_Z]]^2)) -> 1.6174746 | G3: =ATAN2(Table3[[#This Row],[ACC_X]],Table3[[#This Row],[ACC_Y]]) -> -1.5232919
A4: ='Data In'!A10 -> 45909.085 | B4: ='Data In'!B10 -> 0.046066999 | C4: ='Data In'!C10 -> -0.97291797 | D4: ='Data In'!D10 -> -0.17934901 | E4: =ATAN2(Table3[[#This Row],[ACC_Y]],Table3[[#This Row],[ACC_Z]]) -> -2.9592978 | F4: =ATAN2(-Table3[[#This Row],[ACC_X]],SQRT(Table3[[#This Row],[ACC_Y]]^2+Table3[[#This Row],[ACC_Z]]^2)) -> 1.6173275 | G4: =ATAN2(Table3[[#This Row],[ACC_X]],Table3[[#This Row],[ACC_Y]]) -> -1.5234823
A5: ='Data In'!A11 -> 45909.085 | B5: ='Data In'!B11 -> 0.046066999 | C5: ='Data In'!C11 -> -0.97291797 | D5: ='Data In'!D11 -> -0.187162 | E5: =ATAN2(Table3[[#This Row],[ACC_Y]],Table3[[#This Row],[ACC_Z]]) -> -2.9515425 | F5: =ATAN2(-Table3[[#This Row],[ACC_X]],SQRT(Table3[[#This Row],[ACC_Y]]^2+Table3[[#This Row],[ACC_Z]]^2)) -> 1.6172596 | G5: =ATAN2(Table3[[#This Row],[ACC_X]],Table3[[#This Row],[ACC_Y]]) -> -1.5234823
A6: ='Data In'!A12 -> 45909.085 | B6: ='Data In'!B12 -> 0.046066999 | C6: ='Data In'!C12 -> -0.97291797 | D6: ='Data In'!D12 -> -0.19497401 | E6: =ATAN2(Table3[[#This Row],[ACC_Y]],Table3[[#This Row],[ACC_Z]]) -> -2.9438113 | F6: =ATAN2(-Table3[[#This Row],[ACC_X]],SQRT(Table3[[#This Row],[ACC_Y]]^2+Table3[[#This Row],[ACC_Z]]^2)) -> 1.6171893 | G6: =ATAN2(Table3[[#This Row],[ACC_X]],Table3[[#This Row],[ACC_Y]]) -> -1.5234823
A7: ='Data In'!A13 -> 45909.085 | B7: ='Data In'!B13 -> 0.046066999 | C7: ='Data In'!C13 -> -0.97291797 | D7: ='Data In'!D13 -> -0.183256 | E7: =ATAN2(Table3[[#This Row],[ACC_Y]],Table3[[#This Row],[ACC_Z]]) -> -2.9554168 | F7: =ATAN2(-Table3[[#This Row],[ACC_X]],SQRT(Table3[[#This Row],[ACC_Y]]^2+Table3[[#This Row],[ACC_Z]]^2)) -> 1.6172939 | G7: =ATAN2(Table3[[#This Row],[ACC_X]],Table3[[#This Row],[ACC_Y]]) -> -1.5234823
A8: ='Data In'!A14 -> 45909.085 | B8: ='Data In'!B14 -> 0.046066999 | C8: ='Data In'!C14 -> -0.97291797 | D8: ='Data In'!D14 -> -0.17934901 | E8: =ATAN2(Table3[[#This Row],[ACC_Y]],Table3[[#This Row],[ACC_Z]]) -> -2.9592978 | F8: =ATAN2(-Table3[[#This Row],[ACC_X]],SQRT(Table3[[#This Row],[ACC_Y]]^2+Table3[[#This Row],[ACC_Z]]^2)) -> 1.6173275 | G8: =ATAN2(Table3[[#This Row],[ACC_X]],Table3[[#This Row],[ACC_Y]]) -> -1.5234823
A9: ='Data In'!A15 -> 45909.085 | B9: ='Data In'!B15 -> 0.046066999 | C9: ='Data In'!C15 -> -0.97291797 | D9: ='Data In'!D15 -> -0.187162 | E9: =ATAN2(Table3[[#This Row],[ACC_Y]],Table3[[#This Row],[ACC_Z]]) -> -2.9515425 | F9: =ATAN2(-Table3[[#This Row],[ACC_X]],SQRT(Table3[[#This Row],[ACC_Y]]^2+Table3[[#This Row],[ACC_Z]]^2)) -> 1.6172596 | G9: =ATAN2(Table3[[#This Row],[ACC_X]],Table3[[#This Row],[ACC_Y]]) -> -1.5234823
A10: ='Data In'!A16 -> 45909.085 | B10: ='Data In'!B16 -> 0.046066999 | C10: ='Data In'!C16 -> -0.96901101 | D10: ='Data In'!D16 -> -0.19497401 | E10: =ATAN2(Table3[[#This Row],[ACC_Y]],Table3[[#This Row],[ACC_Z]]) -> -2.9430346 | F10: =ATAN2(-Table3[[#This Row],[ACC_X]],SQRT(Table3[[#This Row],[ACC_Y]]^2+Table3[[#This Row],[ACC_Z]]^2)) -> 1.6173688 | G10: =ATAN2(Table3[[#This Row],[ACC_X]],Table3[[#This Row],[ACC_Y]]) -> -1.5232919
A11: ='Data In'!A17 -> 45909.085 | B11: ='Data In'!B17 -> 0.046066999 | C11: ='Data In'!C17 -> -0.97291797 | D11: ='Data In'!D17 -> -0.183256 | E11: =ATAN2(Table3[[#This Row],[ACC_Y]],Table3[[#This Row],[ACC_Z]]) -> -2.9554168 | F11: =ATAN2(-Table3[[#This Row],[ACC_X]],SQRT(Table3[[#This Row],[ACC_Y]]^2+Table3[[#This Row],[ACC_Z]]^2)) -> 1.6172939 | G11: =ATAN2(Table3[[#This Row],[ACC_X]],Table3[[#This Row],[ACC_Y]]) -> -1.5234823
A12: ='Data In'!A18 -> 45909.085 | B12: ='Data In'!B18 -> 0.046066999 | C12: ='Data In'!C18 -> -0.96901101 | D12: ='Data In'!D18 -> -0.183256 | E12: =ATAN2(Table3[[#This Row],[ACC_Y]],Table3[[#This Row],[ACC_Z]]) -> -2.9546835 | F12: =ATAN2(-Table3[[#This Row],[ACC_X]],SQRT(Table3[[#This Row],[ACC_Y]]^2+Table3[[#This Row],[ACC_Z]]^2)) -> 1.6174746 | G12: =ATAN2(Table3[[#This Row],[ACC_X]],Table3[[#This Row],[ACC_Y]]) -> -1.5232919
A13: ='Data In'!A19 -> 45909.085 | B13: ='Data In'!B19 -> 0.046066999 | C13: ='Data In'!C19 -> -0.97291797 | D13: ='Data In'!D19 -> -0.187162 | E13: =ATAN2(Table3[[#This Row],[ACC_Y]],Table3[[#This Row],[ACC_Z]]) -> -2.9515425 | F13: =ATAN2(-Table3[[#This Row],[ACC_X]],SQRT(Table3[[#This Row],[ACC_Y]]^2+Table3[[#This Row],[ACC_Z]]^2)) -> 1.6172596 | G13: =ATAN2(Table3[[#This Row],[ACC_X]],Table3[[#This Row],[ACC_Y]]) -> -1.5234823
... A16: ='Data In'!A22 -> 45909.085 | B16: ='Data In'!B22 -> 0.046066999 | C16: ='Data In'!C22 -> -0.97291797 | D16: ='Data In'!D22 -> -0.183256 | E16: =ATAN2(Table3[[#This Row],[ACC_Y]],Table3[[#This Row],[ACC_Z]]) -> -2.9554168 | F16: =ATAN2(-Table3[[#This Row],[ACC_X]],SQRT(Table3[[#This Row],[ACC_Y]]^2+Table3[[#This Row],[ACC_Z]]^2)) -> 1.6172939 | G16: =ATAN2(Table3[[#This Row],[ACC_X]],Table3[[#This Row],[ACC_Y]]) -> -1.5234823

Sheet Data Out
A1: Data Out (To Device)
A2: Data entered into the channels below will be sent to the currently connected device as a comma-delimited string.
A4: CH1 | B4: CH2 | C4: CH3

Sheet Settings
A1: Workbook Settings
A2: Settings below will affect how data is read into the current workbook from data sources. Clear a field's contents to revert to its default setting.
A4: Data interval (ms) | B4: 150 | C4: 40
A6: Data rows | B6: 15 | C6: 15
A8: Data channels | B8: 10 | C8: 3
A10: Data orientation | B10: Newest last | C10: Newest last
A13: WARNING: Changing settings may result in the loss of content and/or custom formatting in the Data In and Data Out worksheets. Always save before changing values.

Sheet Manifest
A1: Built-in Sensors
A2: Manifest received from the connected device/application
B3: Channels
B4: Angular Sensors | J4: Data Source Id
C5: Accelerometer | J5: AFA48730-0C75-49C6-8F38-9A80B2738F07 | L5: 0
D6: Id | E6: Name | F6: Description | G6: Unit of Measure | H6: Active | J6: Data Interval (ms)
D7: ACC_X | E7: ACC_X | F7: G-force acceleration along the x-axis | G7: g's | H7: ü | J7: 40
D8: ACC_Y | E8: ACC_Y | F8: G-force acceleration along the y-axis | G8: g's | H8: ü
D9: ACC_Z | E9: ACC_Z | F9: G-force acceleration along the z-axis | G9: g's | H9: ü
